Date,Close,Open,High,Low,Vol.,Change %
09/12/2025,225.4,227,227,224.2,203.47K,-0.70%
09/11/2025,227,225.8,228.6,224,315.76K,0.44%
09/10/2025,226,226,227,223.4,476.64K,-0.44%
09/09/2025,227,233,233,227,829.45K,-2.49%
09/08/2025,232.8,233,233.4,231.8,550.16K,0.00%
09/05/2025,232.8,232.2,233.8,231.2,630.55K,-0.09%
09/04/2025,233,233,234,231,602.40K,-0.43%
09/03/2025,234,235.8,235.8,233.2,519.98K,-0.68%
09/02/2025,235.6,235.6,236.2,234.2,452.81K,0.00%
09/01/2025,235.6,232.2,237,230.6,315.47K,1.55%
08/29/2025,232,239.8,239.8,232,594.00K,-3.33%
08/28/2025,240,234.6,240.6,234,1.18M,2.13%
08/27/2025,235,234.4,236.8,232,623.11K,0.00%
08/26/2025,235,232,235,229,1.25M,0.34%
08/22/2025,234.2,234.4,234.8,232,384.64K,-0.26%
08/20/2025,234.8,229.6,234.8,229,1.41M,2.18%
08/19/2025,229.8,227.2,229.8,224,626.09K,1.06%
08/18/2025,227.4,218.4,227.4,218,1.25M,4.12%
08/15/2025,218.4,220,223,216,966.24K,-0.73%
08/14/2025,220,216.2,223.6,215.2,1.78M,2.33%
08/13/2025,215,215,215.8,213.2,409.72K,0.00%
08/12/2025,215,211.8,216.2,211,342.90K,1.42%
08/11/2025,212,213.8,214.4,210.6,840.18K,-0.19%
08/08/2025,212.4,217.4,217.4,211.8,1.12M,-2.30%
08/07/2025,217.4,216,217.6,214.2,289.63K,0.65%
08/06/2025,216,219,219,215.4,540.70K,-1.37%
08/05/2025,219,220.2,220.2,217.8,451.43K,-0.45%
08/04/2025,220,222.2,222.2,217.2,426.76K,-1.08%
08/01/2025,222.4,217,222.4,216.8,452.66K,2.49%
07/31/2025,217,219,219,216,698.88K,-0.91%
07/30/2025,219,220,220,216.6,911.11K,0.00%
07/29/2025,219,220.8,221.6,218.6,921.09K,-0.82%
07/28/2025,220.8,224,224,218.6,1.05M,-1.43%
07/25/2025,224,225,225.8,223.4,146.84K,-0.44%
07/24/2025,225,225,226.4,223.6,249.72K,0.45%
07/23/2025,224,224,225,222.2,146.05K,0.00%
07/22/2025,224,222.6,225,219.6,306.14K,0.63%
07/21/2025,222.6,220,224.6,220,190.80K,1.55%
07/18/2025,219.2,219,222,219,401.23K,0.09%
07/17/2025,219,220,223.2,216.2,705.87K,0.00%
07/16/2025,219,224.6,224.6,217,917.88K,-2.49%
07/15/2025,224.6,229.4,229.4,222,409.81K,-2.09%
07/14/2025,229.4,227,229.4,225.4,754.63K,1.06%
07/11/2025,227,228,228.8,225.8,391.19K,-0.44%
07/10/2025,228,229,229,227,481.35K,-0.44%
07/09/2025,229,226,229.8,225,832.50K,1.33%
07/08/2025,226,227.8,228.4,225,480.42K,-0.88%
07/07/2025,228,227,228,222.2,1.06M,0.44%
07/04/2025,227,226.4,227.8,225.4,541.65K,0.89%
07/03/2025,225,224.8,227,222.2,857.68K,0.00%
07/02/2025,225,225,225.8,221.4,799.59K,0.00%
07/01/2025,225,222,225,221.6,222.07K,4.17%
06/30/2025,216,228.6,228.6,216,717.46K,-5.51%
06/27/2025,228.6,223.2,228.6,222.8,406.65K,2.42%
06/26/2025,223.2,222.8,225,222,267.23K,0.54%
06/25/2025,222,226.2,228.2,220.8,718.83K,-1.77%
06/24/2025,226,224,227.6,223,582.80K,2.73%
06/23/2025,220,226.8,226.8,218.4,487.71K,-3.08%
06/20/2025,227,227.6,228.4,224,1.19M,-0.26%
06/19/2025,227.6,226.8,228.8,225,518.44K,0.35%
06/18/2025,226.8,230.2,230.2,225,928.81K,-1.56%
06/17/2025,230.4,227,230.6,226.2,432.06K,1.86%
06/16/2025,226.2,225.8,228.8,225,284.60K,0.00%
06/13/2025,226.2,231.4,232.4,225.2,1.42M,-3.25%
06/11/2025,233.8,228,234.4,227,959.77K,3.45%
06/10/2025,226,228,228.4,223.4,860.64K,-0.88%
06/09/2025,228,230.8,230.8,227,315.87K,-1.04%
06/05/2025,230.4,228,232,227.4,868.58K,1.86%
06/04/2025,226.2,231,231,225,1.27M,-1.91%
06/03/2025,230.6,230,232,228.2,909.64K,0.52%
06/02/2025,229.4,228.6,232.6,227,1.08M,2.87%
05/30/2025,223,239,239.8,223,4.33M,-6.46%
05/29/2025,238.4,238.8,240.4,237.4,568.02K,-0.08%
05/28/2025,238.6,241.2,244.2,238.6,882.07K,-0.67%
05/27/2025,240.2,241,242.8,239,440.99K,-0.33%
05/26/2025,241,242.6,242.6,239.2,564.65K,-0.74%
05/23/2025,242.8,240,242.8,238.2,616.64K,1.59%
05/22/2025,239,243.6,243.8,237.6,742.73K,-1.65%
05/21/2025,243,239,244.2,239,331.40K,0.41%
05/20/2025,242,240,242.8,232,1.09M,0.83%
05/19/2025,240,243.6,245.6,238.4,368.68K,-2.04%
05/16/2025,245,245,246,241.4,763.80K,0.00%
05/15/2025,245,241.4,245.8,239,889.88K,0.74%
05/14/2025,243.2,233,243.2,233,1.56M,4.38%
05/13/2025,233,233,233.6,227,1.19M,-0.85%
05/09/2025,235,231.4,235,230.8,606.11K,1.56%
05/08/2025,231.4,235,238,230.4,504.02K,-1.53%
05/07/2025,235,229.8,238.2,229.8,644.29K,2.62%
05/06/2025,229,228.2,231.8,227.4,447.73K,0.70%
05/05/2025,227.4,227,231.4,225,770.89K,0.35%
05/02/2025,226.6,228.8,231,226.4,544.73K,-0.96%
04/30/2025,228.8,224,230.2,224,1.37M,2.14%
04/29/2025,224,224,227.6,224,404.13K,0.18%
04/28/2025,223.6,223.4,225,222.2,547.36K,-0.62%
04/25/2025,225,227,227,220.6,769.45K,0.81%
04/24/2025,223.2,221,227.8,220.6,386.52K,1.36%
04/23/2025,220.2,226,226,220,1.13M,-2.74%
04/22/2025,226.4,233.8,233.8,225.6,649.39K,-3.17%
04/21/2025,233.8,234,235.4,230.8,472.13K,-0.09%
04/16/2025,234,230.6,234.8,227.6,562.97K,1.47%
04/15/2025,230.6,222,230.8,222,1.12M,4.72%
04/14/2025,220.2,216.8,220.2,214,545.77K,1.94%
04/11/2025,216,216.4,217.8,208.2,709.35K,0.56%
04/10/2025,214.8,226,226,213.6,1.30M,-1.10%
04/08/2025,217.2,209.2,218.2,209,1.48M,7.00%
04/07/2025,203,220,221.4,203,2.57M,-9.46%
04/04/2025,224.2,224.2,228.2,222.6,567.04K,0.09%
04/03/2025,224,232,232,222.6,2.41M,-3.11%
04/02/2025,231.2,240,240,230.4,792.40K,-3.67%
03/31/2025,240,236,240,232.8,710.98K,2.83%
03/28/2025,233.4,233.8,238.6,233.4,580.52K,0.17%
03/27/2025,233,236.4,236.4,232,904.68K,-0.26%
03/26/2025,233.6,234,237.8,233.6,1.23M,0.34%
03/25/2025,232.8,240,241.8,230.4,1.39M,-3.00%
03/24/2025,240,240,242,238.2,436.41K,0.84%
03/21/2025,238,248,248,236.8,1.78M,-4.03%
03/20/2025,248,250.4,253,247.4,865.42K,-0.88%
03/19/2025,250.2,252,254.4,250,861.05K,-0.64%
03/18/2025,251.8,260,260,250.4,1.20M,-2.40%
03/17/2025,258,260,263,258,332.00K,-0.77%
03/14/2025,260,257.8,263.8,255.2,357.74K,1.09%
03/13/2025,257.2,260,260,257,821.19K,-1.08%
03/12/2025,260,262.6,262.6,252.8,747.18K,-1.52%
03/11/2025,264,262,264,252.4,1.35M,0.00%
03/10/2025,264,252.8,264,252.8,567.64K,4.43%
03/07/2025,252.8,252,254.2,251.6,530.69K,0.32%
03/06/2025,252,252,257,252,764.74K,0.00%
03/05/2025,252,252,255,249,1.10M,0.00%
03/04/2025,252,257.2,257.2,252,715.74K,-2.33%
03/03/2025,258,258.4,260.6,258,468.92K,0.31%
02/28/2025,257.2,265,265,257.2,1.81M,-3.31%
02/27/2025,266,265,267,261.6,638.47K,-0.75%
02/26/2025,268,260,268,255,1.53M,3.47%
02/25/2025,259,256,261.2,251,881.67K,1.97%
02/24/2025,254,258.6,259,252.4,367.60K,-1.78%
02/21/2025,258.6,258,261,256,443.91K,0.23%
02/20/2025,258,253,259.8,251.8,396.99K,2.30%
02/19/2025,252.2,257,259.4,251,650.62K,-1.87%
02/18/2025,257,253,260,253,801.24K,1.58%
02/17/2025,253,258,258,251.8,233.53K,-2.39%
02/14/2025,259.2,261,261.8,253,756.39K,-1.22%
02/13/2025,262.4,237,262.6,234,3.62M,10.72%
02/12/2025,237,232,237,232,341.74K,0.42%
02/11/2025,236,232.6,238.8,228.2,647.00K,1.46%
02/10/2025,232.6,239.6,239.6,232.6,495.71K,-1.52%
02/07/2025,236.2,243,243,236,586.10K,-2.80%
02/06/2025,243,245,246.6,241,524.72K,-0.65%
02/05/2025,244.6,236,251,236,1.03M,4.09%
02/04/2025,235,231,237.8,229.2,424.37K,3.98%
02/03/2025,226,231,233.8,226,1.01M,1.80%
01/31/2025,222,236.6,236.6,222,1.71M,-6.17%
01/30/2025,236.6,242,242,233,394.63K,-2.23%
01/28/2025,242,238.2,243,237,353.18K,1.60%
01/27/2025,238.2,247.6,249.6,237.2,568.93K,-3.80%
01/24/2025,247.6,248.2,250.4,242.2,500.75K,-0.40%
01/23/2025,248.6,248,249.8,245,237.37K,1.47%
01/22/2025,245,247,248.4,242.4,1.08M,-0.81%
01/21/2025,247,247,249,245.2,126.85K,0.00%
01/20/2025,247,247.4,248,246,227.04K,0.00%
01/17/2025,247,247.8,250,243.8,693.97K,1.81%
01/16/2025,242.6,253,256,242.6,790.39K,-3.50%
01/15/2025,251.4,251.4,254.8,250.6,526.93K,0.00%
01/14/2025,251.4,255.2,259.4,250,642.39K,-1.41%
01/13/2025,255,262.4,262.4,255,830.23K,-2.82%
01/10/2025,262.4,264.6,265.8,261.6,203.36K,-0.83%
01/09/2025,264.6,266,266,260.2,208.46K,-0.90%
01/08/2025,267,264,267,261,1.06M,1.14%
01/07/2025,264,261,264.6,260,450.17K,1.15%
01/06/2025,261,266.6,266.8,260,334.61K,-2.10%
01/03/2025,266.6,268,268,264.4,279.93K,-0.52%
01/02/2025,268,268.8,269,261.2,138.99K,-0.37%
12/27/2024,269,263,269.4,263,498.64K,2.36%
12/26/2024,262.8,264.4,264.6,257,167.44K,-2.01%
12/23/2024,268.2,256.6,268.2,255,362.45K,4.60%
12/20/2024,256.4,258,263,256.4,493.60K,0.16%
12/19/2024,256,260.8,262,254,458.91K,-1.54%
12/18/2024,260,260,266,258,627.12K,0.00%
12/17/2024,260,257.4,260,256.8,519.22K,1.09%
12/16/2024,257.2,260,262,256.2,507.99K,-1.08%
12/13/2024,260,265,265,258.8,367.81K,-1.89%
12/12/2024,265,268.8,268.8,261.2,268.17K,-1.34%
12/11/2024,268.6,269.6,270,263,441.51K,-0.52%
12/10/2024,270,260,270,260,506.63K,3.85%
12/09/2024,260,265,265,260,322.42K,-2.55%
12/06/2024,266.8,262.8,267,261.4,279.56K,1.52%
12/05/2024,262.8,262.2,265.8,260,271.08K,0.31%
12/04/2024,262,263.2,270.6,262,523.00K,0.00%
12/03/2024,262,265,266.8,260.6,338.20K,-1.13%
12/02/2024,265,258,265,255.6,239.96K,2.71%
11/29/2024,258,261.4,264.6,258,489.10K,-1.23%
11/28/2024,261.2,271.8,271.8,260.4,498.44K,-3.90%
11/27/2024,271.8,270,271.8,268,255.10K,0.07%
11/26/2024,271.6,274,274,268,195.77K,-1.45%
11/25/2024,275.6,265,275.6,263.2,780.36K,4.00%
11/22/2024,265,270,270,263.2,452.18K,-1.63%
11/21/2024,269.4,270,270,265.2,547.90K,-1.68%
11/20/2024,274,265,274,265,247.97K,2.47%
11/19/2024,267.4,260,267.4,260,362.19K,2.85%
11/18/2024,260,260,264.8,258.2,303.56K,0.00%
11/15/2024,260,260,266,257.8,721.93K,0.78%
11/14/2024,258,260,261,257.2,769.25K,1.18%
11/13/2024,255,260,261.8,255,499.52K,-1.70%
11/12/2024,259.4,261,267.2,258.4,571.32K,-0.23%
11/11/2024,260,260,260.2,256.2,200.13K,0.00%
11/08/2024,260,264,264.8,258,325.60K,-1.89%
11/07/2024,265,270,270,260,352.02K,-2.29%
11/06/2024,271.2,270,273,269.2,287.15K,-1.38%
11/05/2024,275,265,275,263,214.21K,4.09%
11/04/2024,264.2,267,268,264.2,167.06K,-0.38%
10/31/2024,265.2,269,269,265,464.80K,-1.78%
10/30/2024,270,265,270.4,262.2,409.06K,1.89%
10/29/2024,265,269,269,264,338.74K,-1.49%
10/28/2024,269,271.6,271.6,266,186.65K,0.98%
10/25/2024,266.4,267,269.4,264.6,210.61K,-0.22%
10/24/2024,267,274,274,266.2,561.32K,-2.98%
10/23/2024,275.2,278.4,279,275.2,282.72K,-1.22%
10/22/2024,278.6,276,279.6,275.8,975.92K,0.94%
10/21/2024,276,276.8,277.8,273.2,100.84K,-0.29%
10/18/2024,276.8,277.6,277.6,274.2,91.54K,-0.22%
10/17/2024,277.4,276.8,277.4,275.2,182.20K,0.22%
10/16/2024,276.8,276.8,277.6,275.2,192.48K,0.00%
10/15/2024,276.8,272.2,277.6,272.2,571.80K,0.65%
10/14/2024,275,272,277.6,272,514.67K,0.36%
10/11/2024,274,275,275,270,360.07K,-0.36%
10/10/2024,275,274,276,270.8,324.86K,0.07%
10/09/2024,274.8,270,276,263.4,734.72K,0.66%
10/08/2024,273,275,276,273,512.10K,-0.73%
10/07/2024,275,269.4,276,269.4,1.17M,2.08%
10/04/2024,269.4,270,272,269,292.97K,-0.59%
10/03/2024,271,266.6,271,266.6,290.19K,1.65%
10/02/2024,266.6,267.4,267.8,265.6,216.81K,-0.74%
10/01/2024,268.6,267,268.6,265,220.65K,0.00%
09/30/2024,268.6,267,270,266,511.30K,-0.15%
09/27/2024,269,270,270.4,267.4,341.39K,-0.37%
09/26/2024,270,269,270.4,264,453.38K,0.37%
09/25/2024,269,272,272.8,268,906.65K,-1.39%
09/24/2024,272.8,272.6,273.6,270,716.44K,0.00%
09/23/2024,272.8,269.6,272.8,268.8,804.06K,1.04%
09/20/2024,270,259.8,270,259.8,1.29M,5.06%
09/19/2024,257,261,266.4,254.6,835.32K,-2.21%
09/18/2024,262.8,260,263.4,257.4,451.34K,1.08%
09/17/2024,260,255,260.6,255,475.04K,1.96%
09/16/2024,255,254,257.2,253.4,170.53K,0.39%
09/13/2024,254,255.2,258,253.2,306.76K,-0.78%
09/12/2024,256,250,257.6,250,641.59K,2.40%
09/11/2024,250,252,256.2,249,933.03K,-1.03%
09/10/2024,252.6,253,257.6,252.2,627.27K,0.24%
09/09/2024,252,255,258.6,252,287.62K,-1.18%
09/06/2024,255,255,260,254.6,760.99K,-1.92%
09/05/2024,260,254,260,253.2,587.78K,2.36%
09/04/2024,254,258,258,252,1.07M,-2.68%
09/03/2024,261,259.8,261.8,259.6,591.23K,0.38%
09/02/2024,260,259.8,262,258,780.53K,0.08%
08/30/2024,259.8,257.6,261.2,257.2,1.61M,0.85%
08/29/2024,257.6,255,258.6,254.8,1.47M,1.10%
08/28/2024,254.8,252.4,254.8,252.4,290.32K,0.95%
08/27/2024,252.4,254,254.8,250,484.54K,-0.63%
08/22/2024,254,250,254.4,249.4,525.92K,1.60%
08/21/2024,250,246,251.6,246,431.98K,1.71%
08/20/2024,245.8,248.2,250.4,243.2,876.32K,-0.89%
08/19/2024,248,251.8,254.4,247.2,732.74K,-1.67%
08/16/2024,252.2,244.2,252.2,244,2.18M,3.36%
08/15/2024,244,243,245.4,242,1.73M,0.99%
08/14/2024,241.6,235.6,242.4,235.6,2.16M,2.98%
08/13/2024,234.6,231.2,234.6,230.2,574.79K,1.56%
08/12/2024,231,231,232,229.2,241.08K,0.00%
08/09/2024,231,229,231,227,357.23K,0.87%
08/08/2024,229,228.2,229.8,225.2,328.48K,0.97%
08/07/2024,226.8,226,228.6,224,377.12K,0.35%
08/06/2024,226,222.2,227.2,220.2,372.02K,1.80%
08/05/2024,222,229,229,221,554.82K,-3.23%
08/02/2024,229.4,230,230.8,224.2,700.56K,-1.46%
08/01/2024,232.8,230,232.8,229,481.89K,1.22%
07/31/2024,230,227,231.8,227,494.77K,1.32%
07/30/2024,227,227.6,228.8,225.6,355.72K,-0.26%
07/29/2024,227.6,228.2,230.8,227.2,343.03K,-0.18%
07/26/2024,228,225,228.6,225,160.87K,1.33%
07/25/2024,225,228.2,228.4,224,286.45K,-1.75%
07/23/2024,229,229.8,229.8,227.8,487.02K,0.44%
07/22/2024,228,228,230.6,228,336.79K,-0.61%
07/19/2024,229.4,229,232.8,227.6,807.20K,-0.78%
07/18/2024,231.2,230,231.2,226.4,346.71K,0.09%
07/17/2024,231,229.6,231,225.8,396.26K,0.43%
07/16/2024,230,228.2,230.2,224.6,997.30K,0.00%
07/15/2024,230,227.2,230.6,226,1.26M,1.14%
07/12/2024,227.4,228,229.8,225,484.82K,0.09%
07/11/2024,227.2,225,228,223,582.84K,2.34%
07/10/2024,222,230,230,221.6,1.22M,-3.81%
07/09/2024,230.8,232.8,232.8,229,3.23M,-0.94%
07/08/2024,233,233.8,236.8,232,638.95K,-0.43%
07/05/2024,234,231.4,236,231.4,716.53K,1.12%
07/04/2024,231.4,230.2,233.8,229.6,384.62K,0.52%
07/03/2024,230.2,229,231,227.2,1.16M,1.77%
07/02/2024,226.2,225.2,226.2,223,44.96K,0.44%
07/01/2024,225.2,226,226.4,222,403.78K,-0.35%
06/28/2024,226,224.2,229.4,223,1.07M,0.89%
06/27/2024,224,222,225,220.2,517.70K,0.45%
06/26/2024,223,218,224.6,218,343.97K,2.29%
06/25/2024,218,218,219,217,303.04K,0.00%
06/24/2024,218,214,218,214,725.50K,3.32%
06/21/2024,211,217.2,221.6,211,1.54M,-2.85%
06/20/2024,217.2,223,223,216,852.88K,-2.60%
06/19/2024,223,224,224,219.4,446.89K,-0.36%
06/18/2024,223.8,219,223.8,219,464.71K,2.19%
06/14/2024,219,222.4,222.8,218.4,728.45K,-1.44%
06/13/2024,222.2,230,230.8,222.2,421.14K,-3.39%
06/11/2024,230,229,230.8,227,872.47K,0.61%
06/10/2024,228.6,230,231.4,226.2,295.32K,-0.61%
06/07/2024,230,228.2,231.4,226.2,1.16M,0.52%
06/06/2024,228.8,223,230.2,221.8,702.71K,2.60%
06/05/2024,223,223.8,223.8,220.2,770.15K,-0.27%
06/04/2024,223.6,221,224,220.2,267.22K,-0.18%
06/03/2024,224,216.8,224,216.6,233.27K,3.51%
05/31/2024,216.4,217.2,221.2,216.4,2.73M,0.19%
05/30/2024,216,221,223.8,216,1.12M,-2.26%
05/29/2024,221,221,224.4,220.6,295.14K,0.36%
05/28/2024,220.2,228,228.2,220.2,1.27M,-4.18%
05/27/2024,229.8,230,230,226,194.42K,-0.09%
05/24/2024,230,229,230,227.6,605.18K,0.44%
05/23/2024,229,229.4,229.4,228,537.82K,-0.17%
05/22/2024,229.4,229,229.8,225.2,842.97K,-0.26%
05/21/2024,230,230,232,227,469.97K,0.00%
05/20/2024,230,227,232,227,304.04K,1.77%
05/17/2024,226,224,227.2,219.6,1.51M,0.89%
05/16/2024,224,223.4,224.6,220.4,2.15M,0.90%
05/15/2024,222,220.2,222,219.4,421.71K,1.28%
05/14/2024,219.2,220,222.8,218.6,679.74K,0.18%
05/13/2024,218.8,221.8,221.8,217.6,848.67K,-1.44%
05/10/2024,222,223,224.4,220.2,216.95K,1.00%
05/09/2024,219.8,230,230,219,779.79K,-0.90%
05/08/2024,221.8,223,226.8,221,413.09K,-0.54%
05/07/2024,223,220,224.4,219,564.92K,1.83%
05/06/2024,219,220,220.4,217.4,1.13M,0.00%
05/03/2024,219,222,223.8,216.6,1.51M,-3.10%
05/02/2024,226,234,234,225,529.73K,-3.99%
04/30/2024,235.4,239,240,235,379.28K,-1.92%
04/29/2024,240,238.4,240,235.2,613.59K,0.42%
04/26/2024,239,234.6,239,226.8,378.24K,1.70%
04/25/2024,235,232,236.8,228.8,477.23K,1.29%
04/24/2024,232,226.2,232,224.4,757.00K,4.13%
04/23/2024,222.8,215,226.8,215,745.20K,2.67%
04/22/2024,217,222,224.4,217,349.82K,-1.45%
04/19/2024,220.2,227,230.8,216.2,824.10K,-2.13%
04/18/2024,225,224,231,224,298.36K,0.63%
04/17/2024,223.6,222,230,221,1.21M,1.18%
04/16/2024,221,227,229,221,845.40K,-2.90%
04/15/2024,227.6,233.8,233.8,227.2,652.18K,-3.40%
04/12/2024,235.6,236.4,236.8,235,848.74K,0.17%
04/11/2024,235.2,235,239.8,234,651.44K,-0.34%
04/08/2024,236,230.8,237,230.8,489.26K,2.61%
04/05/2024,230,232,237,230,1.06M,-1.12%
04/04/2024,232.6,242,242,231.4,1.90M,-3.88%
04/03/2024,242,244,244.6,241.6,836.93K,-2.10%
04/02/2024,247.2,248.6,251,246.2,1.03M,-0.56%
04/01/2024,248.6,252,256.4,244,1.86M,-1.58%
03/27/2024,252.6,254,255.4,251.6,2.05M,-0.55%
03/26/2024,254,257.4,257.4,252.2,1.17M,-1.32%
03/25/2024,257.4,263.8,265,257.4,393.99K,-2.57%
03/22/2024,264.2,262.8,264.6,262.2,104.75K,-0.30%
03/21/2024,265,261,265,258.4,921.99K,2.32%
03/20/2024,259,267.8,269,259,406.82K,-3.36%
03/19/2024,268,261.8,269.6,261.2,1.11M,3.08%
03/18/2024,260,258,262.4,258,424.76K,1.01%
03/15/2024,257.4,262.4,266.8,255.8,1.60M,-3.96%
03/14/2024,268,264.2,269.4,264,616.75K,1.44%
03/13/2024,264.2,262,265,261.8,382.92K,0.84%
03/12/2024,262,260.4,263.8,259,287.87K,0.77%
03/11/2024,260,260.8,262.8,256.6,557.97K,-1.52%
03/08/2024,264,256.8,264,256.2,412.86K,3.13%
03/07/2024,256,253,256.8,252.4,334.45K,1.19%
03/06/2024,253,255.4,259,252.6,721.80K,-0.78%
03/05/2024,255,267,268.8,255,396.62K,-4.49%
03/04/2024,267,272,273.2,267,539.69K,-1.69%
03/01/2024,271.6,273,273.6,266,528.40K,-0.80%
02/29/2024,273.8,272,273.8,263.2,932.29K,0.66%
02/28/2024,272,271.8,273.6,266.2,1.00M,0.07%
02/27/2024,271.8,267,271.8,263,960.30K,1.80%
02/26/2024,267,264.2,268.2,264.2,200.69K,1.06%
02/23/2024,264.2,258.8,265.6,258.8,570.02K,2.32%
02/22/2024,258.2,260,260.8,258,918.26K,-1.07%
02/21/2024,261,259,261,258.8,437.28K,0.77%
02/20/2024,259,259.4,262,257,529.70K,0.00%
02/19/2024,259,259,260,255.4,517.81K,0.00%
02/16/2024,259,260,262,257,786.53K,0.78%
02/15/2024,257,256,260.8,256,590.08K,0.78%
02/14/2024,255,257,257,252.4,860.82K,-1.16%
02/13/2024,258,257.8,261.8,257.8,143.57K,0.16%
02/12/2024,257.6,261.6,262,257.2,359.20K,-1.45%
02/08/2024,261.4,265,268,261.2,282.03K,-0.53%
02/07/2024,262.8,260.6,268,260.6,549.70K,0.84%
02/06/2024,260.6,261.2,263,258,571.99K,-0.23%
02/05/2024,261.2,259.8,262,257.4,290.56K,0.54%
02/02/2024,259.8,254,262.4,253.8,620.03K,2.28%
02/01/2024,254,253.8,256.8,252,378.02K,0.00%
01/31/2024,254,259,262.8,254,1.03M,-1.93%
01/30/2024,259,262.4,263.2,258.8,452.57K,-1.89%
01/29/2024,264,274.2,275,264,795.73K,-3.86%
01/26/2024,274.6,270.2,276.4,270.2,848.44K,1.63%
01/25/2024,270.2,271,273,269.2,741.18K,0.07%
01/24/2024,270,263,270.6,262,1.04M,2.66%
01/23/2024,263,260,264,260,251.72K,1.23%
01/22/2024,259.8,266,266,259,548.26K,-2.70%
01/19/2024,267,260,267,257.6,323.31K,2.30%
01/18/2024,261,261,261.6,258.4,1.04M,-0.23%
01/17/2024,261.6,262.8,263,260.2,572.32K,-0.53%
01/16/2024,263,266,266,260.2,591.60K,-1.42%
01/15/2024,266.8,264,267,260,1.15M,0.68%
01/12/2024,265,260,265,259.8,1.91M,2.00%
01/11/2024,259.8,250,260,249,1.13M,3.92%
01/10/2024,250,253,254,250,456.16K,-1.19%
01/09/2024,253,257.2,258.2,253,487.96K,-1.56%
01/08/2024,257,257,258.8,256.2,384.88K,-0.39%
01/05/2024,258,255.8,258.6,253.2,657.44K,0.78%
01/04/2024,256,254,256.2,252,744.03K,0.55%
01/03/2024,254.6,255.2,256.8,252.6,773.06K,-0.16%
01/02/2024,255,252.2,255,250,374.02K,1.43%
12/29/2023,251.4,249.6,252.2,248.4,966.28K,0.64%
12/28/2023,249.8,246,249.8,245.8,343.83K,1.13%
12/27/2023,247,247.2,249,245,102.10K,-1.20%
12/22/2023,250,242,250,240.2,456.17K,3.31%
12/21/2023,242,242,242.2,237,206.60K,0.00%
12/20/2023,242,247.8,247.8,242,156.27K,-2.34%
12/19/2023,247.8,251.2,251.2,245,443.99K,-1.51%
12/18/2023,251.6,246,252,243.4,1.40M,2.28%
12/15/2023,246,244,246,243.2,533.94K,0.41%
12/14/2023,245,236.6,246.4,236.6,874.63K,3.81%
12/13/2023,236,239.2,240.8,236,334.16K,-1.34%
12/12/2023,239.2,238,241.2,237.4,331.16K,0.17%
12/11/2023,238.8,235.6,239,234.2,191.02K,1.27%
12/07/2023,235.8,240,240,234.2,243.97K,-2.16%
12/06/2023,241,244.6,244.8,239.2,272.55K,-1.63%
12/05/2023,245,245,246.8,240.6,732.23K,0.41%
12/04/2023,244,233.8,244,233,1.27M,4.36%
12/01/2023,233.8,229.6,234,228,607.99K,3.18%
11/30/2023,226.6,233.8,234.8,226.6,2.08M,-3.08%
11/29/2023,233.8,238.2,238.6,232.8,1.88M,-0.43%
11/28/2023,234.8,238.4,238.6,233.4,1.37M,-1.51%
11/24/2023,238.4,238.8,240.4,236,1.10M,-0.17%
11/23/2023,238.8,238,241.8,238,940.49K,-0.50%
11/22/2023,240,235.4,240,235.4,1.30M,0.84%
11/21/2023,238,228,238,228,2.26M,4.85%
11/20/2023,227,230,230,226,346.56K,-1.30%
11/17/2023,230,225,230,224.2,1.07M,2.22%
11/16/2023,225,218.2,225,217.2,1.09M,3.69%
11/15/2023,217,219,220.2,216.6,704.89K,-0.46%
11/14/2023,218,215,219.6,214.8,253.70K,1.87%
11/13/2023,214,216.6,218.2,213.4,187.38K,-1.11%
11/10/2023,216.4,218.4,220,215.2,423.21K,-0.92%
11/09/2023,218.4,220,221,217.2,636.36K,-0.64%
11/08/2023,219.8,211.8,219.8,211.4,2.78M,4.37%
11/07/2023,210.6,209,211.4,207.6,411.84K,1.45%
11/06/2023,207.6,210,214.8,206.2,908.62K,-0.67%
11/03/2023,209,208,211.6,204,972.76K,1.95%
10/31/2023,205,209.4,212,204.2,1.34M,-2.01%
10/27/2023,209.2,214.6,214.6,208.4,671.23K,-2.52%
10/26/2023,214.6,213.8,215.8,211.4,285.49K,0.28%
10/25/2023,214,213,215.8,212.4,627.99K,1.42%
10/24/2023,211,210.2,214,210.2,261.78K,0.48%
10/23/2023,210,215.2,215.6,209.8,910.59K,-2.42%
10/20/2023,215.2,220.8,220.8,215.2,1.25M,-2.54%
10/19/2023,220.8,223,224,220.4,1.09M,-1.43%
10/18/2023,224,219,224.8,219,424.03K,2.28%
10/17/2023,219,218,220.6,217.4,402.75K,0.46%
10/16/2023,218,220.8,222.8,218,1.14M,-1.18%
10/13/2023,220.6,222,224.8,220.6,306.97K,-0.72%
10/12/2023,222.2,220.6,226,219.2,496.96K,0.73%
10/11/2023,220.6,226,226,220.2,1.07M,-2.39%
10/10/2023,226,221,227,221,575.03K,3.20%
10/09/2023,219,222,222.6,219,382.81K,-0.90%
10/06/2023,221,220.4,224,218.8,573.63K,0.45%
10/05/2023,220,224,224.6,220,890.06K,-1.43%
10/04/2023,223.2,227.8,228,222.6,805.60K,-1.67%
10/03/2023,227,228,229.8,225.2,476.47K,-0.35%
10/02/2023,227.8,230,231,227.8,831.75K,-0.70%
09/29/2023,229.4,230,233,229.2,438.22K,-0.26%
09/28/2023,230,228.8,231.8,227.4,610.31K,0.52%
09/27/2023,228.8,227,230.8,225.2,840.35K,0.79%
09/26/2023,227,226,231.2,226,670.93K,0.44%
09/25/2023,226,226,228,225,168.79K,0.00%
09/22/2023,226,226.2,227.2,224,397.19K,-0.09%
09/21/2023,226.2,225.4,227.6,225.4,224.89K,0.44%
09/20/2023,225.2,229.6,230,225.2,426.18K,-1.92%
09/19/2023,229.6,229.8,233,228.8,344.33K,-0.17%
09/18/2023,230,230.2,231.2,229,370.19K,0.79%
09/15/2023,228.2,233,234,228.2,377.36K,-1.81%
09/14/2023,232.4,231,233.6,230,208.96K,1.04%
09/13/2023,230,238,238,230,581.91K,-3.36%
09/12/2023,238,237,239.2,235.8,264.69K,0.42%
09/11/2023,237,233,238.6,232.4,280.63K,1.72%
09/08/2023,233,234,235,230.8,680.73K,-0.51%
09/07/2023,234.2,237,237.2,234.2,1.38M,-1.18%
09/06/2023,237,236.2,239,236.2,399.71K,0.34%
09/05/2023,236.2,239,239.6,236,322.19K,-1.09%
09/04/2023,238.8,240,241,238.8,72.33K,-0.50%
09/01/2023,240,240.2,242,237,523.00K,1.27%
08/31/2023,237,242,243.2,237,983.46K,-3.03%
08/30/2023,244.4,239,245,238,419.93K,2.26%
08/29/2023,239,239.2,239.4,238,190.76K,-0.33%
08/25/2023,239.8,241,241.8,238.6,301.35K,-1.32%
08/24/2023,243,241,244.2,240.6,420.94K,0.83%
08/23/2023,241,240.2,243.6,239.2,521.41K,0.84%
08/22/2023,239,243.6,245,239,535.29K,-1.97%
08/18/2023,243.8,250,250.4,243.8,284.13K,-2.48%
08/17/2023,250,250.8,250.8,248.2,899.65K,-0.32%
08/16/2023,250.8,247,251.6,246.6,777.95K,1.87%
08/15/2023,246.2,245,247,243.8,616.98K,-0.57%
08/14/2023,247.6,247.8,249.6,242.8,349.20K,-0.08%
08/11/2023,247.8,249,253,247.8,611.52K,-0.48%
08/10/2023,249,253,253,247.2,832.56K,-1.58%
08/09/2023,253,253.2,254.2,251.2,347.62K,-0.08%
08/08/2023,253.2,254,257,253.2,373.27K,-0.31%
08/07/2023,254,260,260,254,248.98K,-2.31%
08/04/2023,260,256,260,256,600.43K,0.15%
08/03/2023,259.6,254,259.8,254,243.99K,2.37%
08/02/2023,253.6,261,261,252.4,306.30K,-2.84%
08/01/2023,261,256.2,261,255.2,411.56K,2.35%
07/31/2023,255,252.8,260.4,252.8,847.68K,1.19%
07/28/2023,252,257,257,251.2,353.91K,-2.70%
07/27/2023,259,257,259,255.6,429.09K,-0.08%
07/26/2023,259.2,256,259.4,253.8,706.98K,-0.23%
07/25/2023,259.8,258,261.4,258,956.06K,0.70%
07/24/2023,258,256,259,255.6,300.74K,0.94%
07/21/2023,255.6,258,259,255.6,920.36K,-1.24%
07/20/2023,258.8,255,259.6,254,1.50M,1.49%
07/19/2023,255,250,255,250,893.07K,2.00%
07/18/2023,250,250,254.4,249.2,598.46K,0.00%
07/17/2023,250,253,253,250,478.72K,-1.65%
07/14/2023,254.2,252.6,254.2,249.8,833.96K,0.47%
07/13/2023,253,244,257,243.8,2.96M,3.86%
07/12/2023,243.6,238,243.8,237.2,541.51K,3.22%
07/11/2023,236,236,241.8,235.4,833.21K,0.00%
07/10/2023,236,240.2,242,234.8,346.17K,-1.75%
07/07/2023,240.2,241,241.8,240.2,147.97K,-0.33%
07/06/2023,241,241.2,241.8,240.6,625.89K,-0.74%
07/05/2023,242.8,242.8,242.8,240.2,227.06K,0.00%
07/04/2023,242.8,240.4,242.8,240,252.40K,1.00%
07/03/2023,240.4,239,241.4,237.8,1.58M,0.50%
06/30/2023,239.2,238.8,240.2,237.8,722.20K,0.25%
06/29/2023,238.6,238.6,242,238.4,583.49K,0.00%
06/27/2023,238.6,242,244,238.6,826.41K,-1.32%
06/26/2023,241.8,240.4,243,240.2,328.12K,0.67%
06/23/2023,240.2,242,242,240.2,130.16K,-0.50%
06/22/2023,241.4,240.2,242,239.2,341.60K,0.58%
06/21/2023,240,240,244.8,240,943.60K,0.00%
06/20/2023,240,240,240.2,239,378.37K,0.00%
06/19/2023,240,236.2,240,236,399.73K,0.00%
06/16/2023,240,233.2,240,233.2,932.23K,2.21%
06/15/2023,234.8,234.6,235,233,267.19K,0.09%
06/14/2023,234.6,235,235,233,138.21K,-0.17%
06/13/2023,235,235,235.6,233.6,281.51K,-0.25%
06/09/2023,235.6,235,236,234.4,325.88K,0.08%
06/08/2023,235.4,233,235.6,232.4,330.20K,1.03%
06/07/2023,233,231,233,231,232.98K,0.87%
06/06/2023,231,232,233,230,391.73K,-0.43%
06/05/2023,232,235,236,232,309.32K,-1.28%
06/02/2023,235,233.4,235.4,231,264.24K,2.00%
06/01/2023,230.4,235.6,235.6,230.2,363.88K,-2.21%
05/31/2023,235.6,236.6,236.6,230.2,2.20M,-0.42%
05/30/2023,236.6,237,237.8,236,521.39K,-0.17%
05/29/2023,237,234,237,233.2,354.55K,1.89%
05/26/2023,232.6,234,236,231,355.09K,-0.60%
05/25/2023,234,231,235.8,231,893.35K,1.74%
05/24/2023,230,227,231.4,227,459.86K,0.44%
05/23/2023,229,232,233,228.2,655.15K,-1.12%
05/22/2023,231.6,232.8,233,230.4,663.41K,-0.43%
05/19/2023,232.6,232.6,235.2,231.2,443.04K,0.09%
05/18/2023,232.4,227.2,234,227.2,560.04K,2.38%
05/17/2023,227,225.6,229.4,224.6,872.06K,0.44%
05/16/2023,226,222.4,226,222.4,409.90K,1.53%
05/15/2023,222.6,222.6,224.2,222.4,431.68K,0.00%
05/12/2023,222.6,225.2,225.4,222.6,263.11K,-0.71%
05/11/2023,224.2,224,225,223,323.91K,0.27%
05/10/2023,223.6,225,225,223.2,667.00K,-0.62%
05/09/2023,225,225,225,223,180.24K,0.00%
05/08/2023,225,226.8,227.2,225,369.55K,-0.44%
05/05/2023,226,225.6,228,225.6,241.73K,0.44%
05/04/2023,225,224,227.6,224,393.57K,0.45%
05/03/2023,224,226,228.4,224,741.25K,-0.71%
05/02/2023,225.6,224,226,223.6,380.15K,0.27%
04/28/2023,225,219,225,219,691.14K,2.74%
04/27/2023,219,220,220.6,219,135.44K,-0.09%
04/26/2023,219.2,221,221,217,446.86K,-0.36%
04/25/2023,220,221,221.2,218,243.76K,-0.45%
04/24/2023,221,219.4,221,217.2,622.27K,1.75%
04/20/2023,217.2,219.6,219.6,216.8,303.16K,-1.18%
04/19/2023,219.8,217,219.8,216.2,294.63K,1.29%
04/18/2023,217,220,220,215.2,319.73K,-1.18%
04/17/2023,219.6,215,219.6,214.8,494.92K,2.33%
04/14/2023,214.6,213.2,216,212.8,483.84K,0.85%
04/13/2023,212.8,213,215,212,1.15M,0.28%
04/12/2023,212.2,216,217,212.2,784.04K,-1.85%
04/11/2023,216.2,223,223,215.2,1.18M,-3.05%
04/05/2023,223,226,227,223,247.65K,-1.33%
04/04/2023,226,227,229,225,578.83K,0.00%
04/03/2023,226,224.6,226,220.2,230.39K,0.89%
03/31/2023,224,223.4,225,222.2,518.64K,0.00%
03/30/2023,224,219.2,224,218.6,386.44K,2.28%
03/29/2023,219,224.2,224.2,218.6,1.10M,-2.06%
03/28/2023,223.6,227,227,222.6,372.93K,-1.06%
03/27/2023,226,225.2,227,222.6,122.01K,0.36%
03/24/2023,225.2,223.2,226.6,223,528.46K,0.99%
03/23/2023,223,226.8,227,223,750.79K,-1.76%
03/22/2023,227,225,229,225,725.31K,1.16%
03/21/2023,224.4,222.2,224.8,222.2,320.96K,1.08%
03/20/2023,222,223,226,221,1.29M,-0.45%
03/17/2023,223,219,224,218.6,1.28M,3.72%
03/16/2023,215,223.8,225,212,1.07M,-4.02%
03/15/2023,224,220,226.8,220,384.92K,2.28%
03/14/2023,219,227,227,219,579.49K,-3.61%
03/13/2023,227.2,226.2,228,226,366.93K,0.44%
03/10/2023,226.2,230,231,226.2,325.46K,-1.65%
03/09/2023,230,232,234.8,229.4,264.60K,0.00%
03/08/2023,230,232,232.2,229.4,552.86K,-0.95%
03/07/2023,232.2,232,235,232,400.86K,0.09%
03/06/2023,232,234,237,232,307.76K,-0.85%
03/03/2023,234,231.4,236.4,231.4,473.50K,1.30%
03/02/2023,231,238,241.2,231,616.59K,-2.94%
03/01/2023,238,239,239,236,367.53K,-0.83%
02/28/2023,240,235.4,240,235.2,1.01M,2.04%
02/27/2023,235.2,237,238,234.2,715.53K,-1.18%
02/24/2023,238,240,240,237.2,420.40K,0.00%
02/23/2023,238,240,240,237.2,420.40K,-0.83%
02/22/2023,240,241.8,241.8,237.4,295.66K,-0.83%
02/21/2023,242,237.2,242,235.6,178.93K,2.11%
02/20/2023,237,240,240,237,235.26K,-1.33%
02/17/2023,240.2,236.4,240.2,235.6,323.19K,0.67%
02/16/2023,238.6,239,242.4,236,223.61K,0.08%
02/15/2023,238.4,240.6,240.8,235.6,401.45K,-1.08%
02/14/2023,241,240.2,244.4,240,595.47K,0.50%
02/13/2023,239.8,238.8,241.6,238.2,515.35K,0.42%
02/10/2023,238.8,240.8,241,238,505.68K,-0.83%
02/09/2023,240.8,241,241.2,239,207.97K,-0.50%
02/08/2023,242,239,243,238.2,214.07K,1.68%
02/07/2023,238,241.6,242.8,238,629.97K,-2.86%
02/06/2023,245,245.4,245.6,240.4,440.64K,0.00%
02/03/2023,245,241.6,245,241,1.52M,1.24%
02/02/2023,242,244,244,241,711.08K,-1.22%
02/01/2023,245,238,245,237.2,848.77K,2.94%
01/31/2023,238,240,241,235,2.22M,-0.83%
01/30/2023,240,242,244.4,240,598.60K,-0.58%
01/27/2023,241.4,241.4,245,240.4,769.23K,0.00%
01/26/2023,241.4,244,244.4,241.4,217.30K,-1.07%
01/25/2023,244,245.6,247,243,1.34M,-0.81%
01/24/2023,246,242.8,247.6,242.8,507.69K,1.40%
01/23/2023,242.6,245,246,241.2,684.26K,-0.98%
01/20/2023,245,248,248,244.4,1.03M,-1.21%
01/19/2023,248,249.8,250,247,1.34M,-0.80%
01/18/2023,250,250,252,248.2,868.66K,-0.79%
01/17/2023,252,249.8,252,246,1.19M,1.61%
01/16/2023,248,245.2,252,245.2,1.31M,1.22%
01/13/2023,245,243.2,246.8,242.4,1.75M,1.24%
01/12/2023,242,240.2,243,239.6,1.39M,0.17%
01/11/2023,241.6,241,242,235,1.15M,0.25%
01/10/2023,241,246,246,241,772.81K,-0.41%
01/09/2023,242,247,247,240.2,661.60K,0.00%
01/06/2023,242,240.6,244.6,240.4,984.23K,-2.42%
01/05/2023,248,244,248,238,567.12K,2.14%
01/04/2023,242.8,237.2,244,237.2,686.46K,2.88%
01/03/2023,236,230,237,230,213.72K,2.61%
12/29/2022,230,232,232,229.4,500.21K,0.00%
12/28/2022,230,229,232.6,229,659.04K,0.44%
12/27/2022,229,231,233,227,792.85K,-0.43%
12/23/2022,230,230.6,235,230,618.82K,-0.09%
12/22/2022,230.2,234,239.4,230.2,557.63K,0.09%
12/21/2022,230,230.8,235,230,601.43K,-0.35%
12/20/2022,230.8,235,235,229.6,686.65K,-1.79%
12/19/2022,235,230,237.8,229,849.11K,1.73%
12/16/2022,231,233,235,230.2,1.18M,-0.86%
12/15/2022,233,233.8,238,231.8,689.56K,-0.34%
12/14/2022,233.8,236,240.6,233.4,1.18M,-0.51%
12/13/2022,235,244,246,234,1.77M,-2.89%
12/12/2022,242,237,245.8,237,696.67K,2.20%
12/09/2022,236.8,237.6,239.8,232,1.10M,-0.08%
12/07/2022,237,246.4,246.4,236.6,860.66K,-3.89%
12/06/2022,246.6,239.8,246.8,236.4,1.21M,4.31%
12/05/2022,236.4,237,243.8,236.4,858.88K,-0.25%
12/02/2022,237,242,246.6,237,797.74K,-1.50%
12/01/2022,240.6,248.4,252.4,239.8,2.42M,-1.80%
11/29/2022,245,249,249,241.6,4.93M,-1.61%
11/28/2022,249,252,255.2,248.8,974.87K,-1.19%
11/25/2022,252,253.6,255.6,250.4,862.06K,-0.79%
11/24/2022,254,256,259,253.6,859.18K,-0.78%
11/23/2022,256,257,259.6,252.4,1.10M,0.00%
11/22/2022,256,251.8,259,250.2,1.88M,1.59%
11/21/2022,252,244,252,244,2.29M,3.28%
11/18/2022,244,243,247,241.6,1.00M,0.83%
11/17/2022,242,243,243,239.8,670.31K,-0.41%
11/16/2022,243,248,248,238,1.31M,-2.02%
11/15/2022,248,243.2,248,242.4,907.24K,0.08%
11/14/2022,247.8,239.6,247.8,238.6,1.16M,3.94%
11/11/2022,238.4,236,241.4,233.6,923.63K,2.32%
11/10/2022,233,235.4,235.6,230.6,676.11K,0.00%
11/09/2022,233,229.8,235.6,229.2,390.42K,1.92%
11/08/2022,228.6,230,236,226,725.61K,-0.17%
11/07/2022,229,228,230.6,224.2,732.88K,0.35%
11/04/2022,228.2,228.4,230,225,361.28K,0.09%
11/03/2022,228,227,231,227,365.09K,0.53%
11/02/2022,226.8,233.6,233.8,225.6,619.72K,-2.24%
10/28/2022,232,232,232.4,230.6,355.44K,0.00%
10/27/2022,232,229,233.4,227.2,386.33K,1.31%
10/26/2022,229,225.4,230,224.8,249.99K,1.69%
10/25/2022,225.2,224.6,227,224.2,438.15K,0.18%
10/24/2022,224.8,229,230.6,224.8,653.56K,-0.27%
10/21/2022,225.4,230.4,232.2,225,511.65K,-2.17%
10/20/2022,230.4,234.6,237,228,650.36K,-1.96%
10/19/2022,235,232.4,239,231,570.59K,1.03%
10/18/2022,232.6,234,235,232,429.84K,0.26%
10/17/2022,232,230,235,230,469.00K,0.43%
10/14/2022,231,232,233,230.4,317.67K,-0.26%
10/13/2022,231.6,233,233,230,574.65K,-0.60%
10/12/2022,233,233,233,230.4,1.12M,0.00%
10/11/2022,233,227,236,227,610.07K,2.19%
10/10/2022,228,231,234.4,228,248.74K,-1.30%
10/07/2022,231,235,238,231,791.05K,-1.62%
10/06/2022,234.8,236.6,240,232.2,497.42K,-1.34%
10/05/2022,238,240.6,242,236.4,1.10M,-0.83%
10/04/2022,240,236,241,236,698.15K,2.48%
10/03/2022,234.2,233.2,234.6,230.4,619.30K,2.27%
09/30/2022,229,233,233,228,593.84K,-2.14%
09/29/2022,234,229,235,229,898.83K,2.45%
09/28/2022,228.4,229,229,224,651.35K,-0.26%
09/27/2022,229,235,235,228,801.24K,-2.97%
09/26/2022,236,237,237,235,551.59K,0.00%
09/23/2022,236,237,237,235,551.59K,-0.42%
09/22/2022,237,237,237,234.6,788.57K,-0.42%
09/21/2022,238,244,244,237.2,1.07M,-2.46%
09/20/2022,244,246,246,243,567.38K,0.83%
09/19/2022,242,250,250,242,470.65K,-3.20%
09/16/2022,250,246.8,250,243,920.20K,1.05%
09/15/2022,247.4,242.6,247.4,242,1.06M,1.06%
09/14/2022,244.8,243.2,244.8,241.2,264.57K,-0.89%
09/13/2022,247,245.2,247,241,189.92K,0.24%
09/12/2022,246.4,246,246.8,245.2,329.58K,0.16%
09/09/2022,246,247.8,247.8,245.2,134.10K,-0.73%
09/08/2022,247.8,244,249.2,243.6,697.07K,1.39%
09/07/2022,244.4,247.6,247.6,244,1.00M,-1.29%
09/06/2022,247.6,248.8,248.8,246,464.32K,-0.48%
09/05/2022,248.8,247,249.4,247,993.36K,1.22%
09/02/2022,245.8,240,246,240,1.28M,2.50%
09/01/2022,239.8,239.6,239.8,236.4,270.89K,0.08%
08/31/2022,239.6,240,240,237.8,412.67K,-0.17%
08/30/2022,240,233,240,233,684.81K,1.27%
08/26/2022,237,234,237,229.2,638.47K,1.28%
08/25/2022,234,233.8,237.8,232.4,486.53K,1.30%
08/24/2022,231,231,234.8,229,473.88K,0.00%
08/23/2022,231,233,233.4,225.4,468.03K,-0.86%
08/22/2022,233,230,236.8,230,466.88K,2.19%
08/19/2022,228,233.6,234.8,228,371.68K,-2.40%
08/18/2022,233.6,227,233.6,227,440.88K,2.91%
08/17/2022,227,235,235,227,709.30K,-4.38%
08/16/2022,237.4,233,237.4,231.4,673.47K,1.80%
08/15/2022,233.2,231.2,233.6,230,729.12K,0.52%
08/12/2022,232,231.2,235,227,562.25K,-0.43%
08/11/2022,233,216.8,233,216.8,1.61M,6.88%
08/10/2022,218,218.8,218.8,216.4,212.72K,-0.46%
08/09/2022,219,215,219,214.8,449.31K,1.96%
08/08/2022,214.8,215,216,212.8,448.75K,0.00%
08/05/2022,214.8,212,216.4,212,963.46K,1.13%
08/04/2022,212.4,210,212.8,207.8,290.99K,0.66%
08/03/2022,211,205.8,211,205.2,381.51K,2.93%
08/02/2022,205,205.4,207.4,204.8,322.11K,-0.19%
08/01/2022,205.4,202,209,202,488.74K,2.09%
07/29/2022,201.2,207,207,199.3,593.94K,-2.80%
07/28/2022,207,205.8,208.4,205.4,339.07K,1.57%
07/27/2022,203.8,205.4,206,201.2,363.49K,-1.16%
07/26/2022,206.2,207.2,207.2,205,345.02K,-0.48%
07/25/2022,207.2,210.6,210.6,206.6,155.21K,-1.61%
07/22/2022,210.6,214,214,210,134.00K,-1.59%
07/21/2022,214,213,215.8,210,299.68K,0.56%
07/20/2022,212.8,210.4,214,210.4,348.27K,1.24%
07/19/2022,210.2,212.4,212.4,209.6,254.01K,-1.04%
07/18/2022,212.4,213.8,213.8,211,178.52K,-1.67%
07/15/2022,216,212,216,209,282.76K,1.50%
07/14/2022,212.8,212,212.8,210.4,298.74K,0.09%
07/13/2022,212.6,213,214.6,207,390.49K,0.09%
07/12/2022,212.4,214,214,211.8,172.23K,-0.75%
07/11/2022,214,216.8,216.8,210.8,248.71K,-1.38%
07/08/2022,217,205.2,217,205,646.24K,5.85%
07/07/2022,205,208,210.6,202.2,428.74K,-0.97%
07/06/2022,207,201.2,207.8,201.2,416.66K,3.09%
07/05/2022,200.8,203,203,200.2,184.47K,-1.18%
07/04/2022,203.2,205,205,201,551.77K,-0.88%
07/01/2022,205,203.6,205,200,696.04K,0.69%
06/30/2022,203.6,202.4,204,199,506.63K,0.79%
06/29/2022,202,200.8,203,200.8,631.01K,1.00%
06/28/2022,200,200.8,201,198.5,621.47K,0.00%
06/27/2022,200,200,202,200,385.98K,0.00%
06/24/2022,200,193,200,192.9,521.90K,3.63%
06/23/2022,193,195,195.6,192.6,368.49K,-1.03%
06/22/2022,195,196.9,197.9,195,467.36K,-0.91%
06/21/2022,196.8,197,198.8,194.5,487.41K,0.41%
06/20/2022,196,195,196,192,409.95K,2.08%
06/17/2022,192,198.2,198.2,192,852.32K,-4.10%
06/16/2022,200.2,199,202.6,197,325.76K,0.60%
06/15/2022,199,199.5,203.6,199,540.08K,-0.25%
06/14/2022,199.5,199.8,200,196.8,372.01K,-0.55%
06/13/2022,200.6,202,203.2,197.4,696.69K,-0.20%
06/10/2022,201,208.6,208.6,201,597.54K,-3.83%
06/09/2022,209,209.6,209.6,206,313.03K,-0.57%
06/08/2022,210.2,204,210.2,202.6,575.81K,3.55%
06/07/2022,203,201.2,205.8,201.2,450.56K,0.89%
06/06/2022,201.2,206.4,207.6,200.4,1.12M,-2.52%
06/03/2022,206.4,208,208,205.8,610.49K,-0.77%
06/02/2022,208,208.6,210.6,207.4,369.03K,-0.29%
06/01/2022,208.6,209.6,210,208.4,564.92K,-0.38%
05/31/2022,209.4,210.6,210.6,208.6,2.61M,-0.57%
05/30/2022,210.6,213,213,209.6,916.63K,-1.13%
05/27/2022,213,214,216,212,798.06K,0.00%
05/26/2022,213,210.4,213,210,1.20M,1.24%
05/25/2022,210.4,208,211.4,207.6,300.51K,1.15%
05/24/2022,208,210,210,207.4,249.87K,-0.95%
05/23/2022,210,212.4,214.6,210,409.30K,-1.13%
05/20/2022,212.4,210,214,210,510.50K,1.14%
05/19/2022,210,213.4,213.4,208,649.61K,-1.04%
05/18/2022,212.2,207.2,213.2,207,1.00M,2.51%
05/17/2022,207,210,210.6,203.2,895.61K,-1.43%
05/16/2022,210,210.2,215,210,336.68K,0.00%
05/13/2022,210,211.2,217,210,754.37K,-0.10%
05/12/2022,210.2,219.2,220,210,726.51K,-3.22%
05/11/2022,217.2,215.2,224,212.4,522.76K,0.93%
05/10/2022,215.2,214.8,217,203,949.08K,-1.01%
05/06/2022,217.4,222.8,222.8,217,343.67K,-2.95%
05/05/2022,224,221.8,226,220,400.33K,0.90%
05/04/2022,222,220,222,216,269.29K,0.91%
05/02/2022,220,215,222.6,214.2,468.06K,2.33%
04/29/2022,215,220.8,222,215,504.06K,-2.63%
04/28/2022,220.8,218,221.8,216.6,355.20K,0.91%
04/27/2022,218.8,219,220,215.8,401.65K,-0.64%
04/26/2022,220.2,217.6,222,217,498.54K,1.19%
04/25/2022,217.6,219.8,219.8,216,559.40K,-1.00%
04/22/2022,219.8,224,224,218.6,825.92K,-1.87%
04/21/2022,224,230,230,223.4,349.10K,-2.44%
04/20/2022,229.6,229,230,227.8,302.04K,0.70%
04/19/2022,228,220.4,228,220,286.35K,3.45%
04/18/2022,220.4,220,221,219,176.24K,0.64%
04/13/2022,219,216.4,221.4,216.4,190.61K,1.20%
04/12/2022,216.4,219,223,215.4,647.97K,-1.19%
04/11/2022,219,219.8,221.6,219,331.88K,-0.18%
04/08/2022,219.4,220.6,224.6,219.4,349.22K,-0.27%
04/07/2022,220,231.4,231.4,220,496.56K,-5.01%
04/06/2022,231.6,229.8,231.6,225,565.42K,0.78%
04/05/2022,229.8,228,229.8,225,437.81K,0.79%
04/04/2022,228,222,228.6,222,385.32K,2.70%
04/01/2022,222,225,225,221,465.95K,-1.33%
03/31/2022,225,224,227.8,223,849.09K,0.45%
03/30/2022,224,221,224,220.4,363.72K,1.54%
03/29/2022,220.6,219.8,220.6,214,425.05K,0.36%
03/28/2022,219.8,214.2,220,214.2,354.14K,2.71%
03/25/2022,214,214,216,212.2,333.26K,0.47%
03/24/2022,213,211,213.6,210.4,1.05M,1.24%
03/23/2022,210.4,205.6,212.2,205.6,824.15K,2.63%
03/22/2022,205,213,214.2,202.2,1.94M,-3.30%
03/21/2022,212,218.2,219.2,212,822.95K,-1.85%
03/18/2022,216,225,225.6,216,1.67M,-4.00%
03/17/2022,225,228.2,229.4,224.8,643.91K,-0.88%
03/16/2022,227,228,228.2,223.6,992.64K,-0.44%
03/15/2022,228,218.4,229.4,211,1.25M,4.40%
03/14/2022,218.4,230,231.8,216.8,1.14M,-5.04%
03/11/2022,230,239.8,239.8,230,791.65K,-4.09%
03/10/2022,239.8,236,240,233,719.25K,3.90%
03/09/2022,230.8,222.6,234.8,222.4,766.89K,3.68%
03/08/2022,222.6,237,237.6,222.6,1.09M,-6.47%
03/07/2022,238,241,241,231.2,514.95K,-1.24%
03/04/2022,241,243,243.6,239.2,602.07K,-0.74%
03/03/2022,242.8,238.8,243.4,238.6,274.55K,1.68%
03/02/2022,238.8,240,242,238.6,321.78K,-0.50%
03/01/2022,240,241.4,245,240,331.97K,-0.41%
02/28/2022,241,236,245,236,1.15M,2.12%
02/24/2022,236,246.2,246.8,234,989.69K,-4.14%
02/23/2022,246.2,247,249,244.2,482.73K,-1.44%
02/22/2022,249.8,244.4,250,243.8,445.53K,0.73%
02/21/2022,248,247.2,248,241.2,404.20K,0.40%
02/18/2022,247,251,251.4,245.4,530.29K,-1.98%
02/17/2022,252,250,252,249.4,466.56K,0.40%
02/16/2022,251,249,251,247.2,828.45K,0.88%
02/15/2022,248.8,247.2,249,246,483.04K,-0.08%
02/14/2022,249,240,249,240,1.39M,3.75%
02/11/2022,240,244.6,245,238,1.22M,-1.64%
02/10/2022,244,242.8,244,239.2,959.82K,0.99%
02/09/2022,241.6,241,241.6,239,569.57K,0.67%
02/08/2022,240,236,240.8,235.2,363.96K,1.69%
02/07/2022,236,237.6,237.6,234,212.55K,-0.67%
02/04/2022,237.6,235.4,237.6,230.6,421.83K,1.11%
02/03/2022,235,244.4,244.4,235,299.26K,-3.85%
02/02/2022,244.4,239.8,245,239.4,691.72K,1.83%
01/31/2022,240,236.6,240,236,545.40K,1.44%
01/28/2022,236.6,231,236.6,230.2,693.64K,1.98%
01/27/2022,232,231.6,232,228.2,169.43K,0.00%
01/26/2022,232,232,232.2,227,564.05K,-0.34%
01/25/2022,232.8,229,233,228.2,554.18K,1.66%
01/24/2022,229,228,229,226.2,273.91K,-0.61%
01/21/2022,230.4,227,231.6,223.2,516.52K,0.61%
01/20/2022,229,230,230,228,205.18K,-0.61%
01/19/2022,230.4,228.8,230.4,225.4,465.29K,0.17%
01/18/2022,230,225,231,225,434.71K,2.22%
01/17/2022,225,229,229,225,221.50K,-1.75%
01/14/2022,229,229,231,226,378.25K,-0.69%
01/13/2022,230.6,222,230.8,221.8,1.10M,3.32%
01/12/2022,223.2,221,224.4,220,493.28K,1.27%
01/11/2022,220.4,222,222.8,216,692.03K,-1.08%
01/10/2022,222.8,214,222.8,214,849.06K,3.63%
01/07/2022,215,216,216,212,396.44K,-0.83%
01/06/2022,216.8,217.4,218.8,215,174.67K,-0.73%
01/05/2022,218.4,215,219.8,212.8,474.90K,1.58%
01/03/2022,215,216,221.6,213.4,398.63K,-0.65%
12/31/2021,216.4,222.6,222.8,216.4,621.95K,-2.96%
12/29/2021,223,218,223.8,217,372.40K,2.86%
12/28/2021,216.8,218,221,216.8,260.67K,-0.37%
12/27/2021,217.6,219,221.4,216.8,234.54K,-0.64%
12/24/2021,219,222,224.8,219,105.00K,-1.26%
12/23/2021,221.8,219,224,219,241.17K,1.28%
12/22/2021,219,209.2,219,209.2,903.83K,4.89%
12/21/2021,208.8,215,215,208.8,2.40M,-2.43%
12/20/2021,214,224,224.2,213.2,2.11M,-4.46%
12/17/2021,224,228.4,228.4,223,767.94K,0.45%
12/16/2021,223,223.6,228,222.8,1.42M,0.00%
12/15/2021,223,227.6,228.8,223,711.14K,-2.19%
12/14/2021,228,227.8,230,227.6,719.88K,0.09%
12/13/2021,227.8,233,234.8,226,593.52K,-2.32%
12/10/2021,233.2,238.8,238.8,232.6,428.28K,-2.59%
12/09/2021,239.4,232,239.4,229,532.78K,3.19%
12/07/2021,232,229.6,232,228.6,345.81K,2.20%
12/06/2021,227,223.2,231.8,223.2,803.35K,1.79%
12/03/2021,223,225,231,223,869.25K,-0.54%
12/02/2021,224.2,222,227,219,1.49M,1.36%
12/01/2021,221.2,236,238,218.8,2.33M,-5.87%
11/29/2021,235,233,240,225,1.63M,-3.61%
11/26/2021,243.8,244.6,244.8,241.4,357.87K,-0.65%
11/25/2021,245.4,246,246.6,244,505.87K,-1.05%
11/24/2021,248,244.6,251,243.2,615.08K,1.39%
11/23/2021,244.6,244.8,245.6,242,796.87K,-0.16%
11/22/2021,245,248.8,248.8,244,475.76K,-1.61%
11/19/2021,249,249.8,250.8,247.2,320.47K,-0.08%
11/18/2021,249.2,245,249.4,244.4,918.36K,1.38%
11/17/2021,245.8,245.2,246.4,243.2,649.96K,0.24%
11/16/2021,245.2,249.6,249.8,243.2,642.38K,-1.76%
11/15/2021,249.6,251,252,249,415.14K,-1.34%
11/12/2021,253,253.4,253.4,249,297.44K,-0.24%
11/11/2021,253.6,253,253.6,248.6,431.22K,-0.16%
11/10/2021,254,259.6,259.6,252.8,738.36K,-2.23%
11/09/2021,259.8,248.8,259.8,248.6,1.52M,4.51%
11/08/2021,248.6,244,248.8,243.8,701.86K,1.89%
11/05/2021,244,238.2,244.2,238,791.80K,2.52%
11/04/2021,238,232.6,238.6,231.2,436.00K,2.59%
11/03/2021,232,230,236,230,1.13M,1.31%
11/02/2021,229,240.4,241.2,229,2.08M,-2.64%
10/29/2021,235.2,240.4,241.2,234,759.74K,-2.49%
10/28/2021,241.2,244.2,244.6,240,642.37K,-1.23%
10/27/2021,244.2,236.2,244.2,236.2,1.38M,3.83%
10/26/2021,235.2,228,235.2,227,1.20M,3.61%
10/25/2021,227,225.4,229,225.2,467.90K,0.80%
10/22/2021,225.2,230.8,230.8,224,520.76K,-2.51%
10/21/2021,231,229.2,231,224,696.54K,1.05%
10/20/2021,228.6,228,230,227,532.41K,0.62%
10/19/2021,227.2,227,229,224,376.00K,-0.96%
10/18/2021,229.4,229.8,231,218.2,767.38K,-0.17%
10/15/2021,229.8,229.8,234.8,226,1.26M,0.00%
10/14/2021,229.8,219,229.8,219,2.67M,6.39%
10/13/2021,216,217.8,217.8,215,537.32K,-0.83%
10/12/2021,217.8,210,219,210,1.40M,4.51%
10/11/2021,208.4,206,212.4,205.4,381.41K,1.66%
10/08/2021,205,211.2,214,205,920.88K,-2.38%
10/07/2021,210,204.2,211.8,204.2,1.85M,3.35%
10/06/2021,203.2,203,206.8,200.4,730.66K,0.10%
10/05/2021,203,198.4,203,198.2,225.63K,2.32%
10/04/2021,198.4,202,202,198.4,300.62K,-1.78%
10/01/2021,202,204.8,204.8,201.2,495.52K,-1.46%
09/30/2021,205,197,205,196.2,427.19K,4.59%
09/29/2021,196,197,197,194,218.11K,-0.51%
09/28/2021,197,197.5,200.4,197,480.51K,-0.10%
09/27/2021,197.2,202,202.8,197.2,509.27K,-2.38%
09/24/2021,202,203.6,207,201,163.63K,-0.69%
09/23/2021,203.4,197,208,196,1.84M,3.83%
09/22/2021,195.9,192.5,197,192.5,302.58K,1.98%
09/21/2021,192.1,193,194.5,190.5,444.58K,-0.98%
09/20/2021,194,198,201,193.1,680.02K,-1.52%
09/17/2021,197,204,204,197,1.01M,-3.43%
09/16/2021,204,200,204,199.9,292.52K,2.26%
09/15/2021,199.5,204.2,204.2,199.4,533.76K,-2.30%
09/14/2021,204.2,204.8,206,203.2,534.50K,-0.29%
09/13/2021,204.8,204,204.8,202.4,146.44K,0.10%
09/10/2021,204.6,202.4,204.6,200.6,224.21K,1.39%
09/09/2021,201.8,200.6,202,200.2,141.36K,0.70%
09/08/2021,200.4,201.2,203.4,200,332.73K,0.20%
09/07/2021,200,206,206,200,409.26K,-2.91%
09/06/2021,206,200.8,208,200.6,727.15K,2.69%
09/03/2021,200.6,200,202.6,199.5,312.38K,0.20%
09/02/2021,200.2,195,201.8,195,419.35K,2.67%
09/01/2021,195,199,200,195,388.21K,-3.37%
08/31/2021,201.8,199.6,201.8,192,1.20M,1.10%
08/27/2021,199.6,200,200,197.8,271.81K,0.10%
08/26/2021,199.4,205,205,199.4,368.88K,-2.73%
08/25/2021,205,199.9,205,198,232.90K,2.55%
08/24/2021,199.9,196.5,199.9,196.5,320.12K,2.51%
08/23/2021,195,193.5,196.8,193.5,1.38M,0.78%
08/20/2021,193.5,198.4,199.9,193.5,243.33K,-2.27%
08/19/2021,198,195,198,195,343.16K,1.64%
08/18/2021,194.8,193.5,195,193,214.55K,0.93%
08/17/2021,193,188,194.4,187.5,553.94K,3.04%
08/16/2021,187.3,186.9,192,185.2,687.03K,2.91%
08/13/2021,182,193,193,182,933.55K,-6.19%
08/12/2021,194,191.5,195.5,191.1,267.40K,1.25%
08/11/2021,191.6,194.6,197.7,191.6,432.26K,-0.47%
08/10/2021,192.5,195.1,195.5,192.3,261.26K,-1.28%
08/09/2021,195,190.2,195.4,188,304.87K,3.45%
08/06/2021,188.5,189.7,191.8,188.5,371.60K,-0.58%
08/05/2021,189.6,193,194.9,189,294.81K,-1.51%
08/04/2021,192.5,195.9,195.9,192.2,312.58K,-1.74%
08/03/2021,195.9,188,195.9,187.8,449.73K,3.87%
08/02/2021,188.6,189.9,189.9,185,524.81K,-0.74%
07/30/2021,190,198,198,188.7,818.99K,-3.55%
07/29/2021,197,190.5,197.6,190.3,856.59K,3.41%
07/28/2021,190.5,194.5,194.5,188.5,837.55K,-2.66%
07/27/2021,195.7,193.8,199.5,193.1,422.55K,1.08%
07/26/2021,193.6,198,198.2,192,563.03K,-2.22%
07/23/2021,198,205,205,197.6,857.87K,-3.41%
07/22/2021,205,204,207,202.2,411.62K,0.49%
07/21/2021,204,210,210,201.2,1.22M,-3.13%
07/19/2021,210.6,209.4,211,202.6,1.06M,0.29%
07/16/2021,210,209.4,212.4,208.8,1.59M,0.19%
07/15/2021,209.6,209.6,209.8,208.8,353.25K,0.00%
07/14/2021,209.6,208.8,209.6,206.4,456.45K,0.38%
07/13/2021,208.8,209.8,209.8,205.6,294.19K,-0.48%
07/12/2021,209.8,203.4,210,203.4,271.39K,3.35%
07/09/2021,203,210,210,202,1.33M,-3.43%
07/08/2021,210.2,212,212.4,210.2,187.48K,-1.04%
07/07/2021,212.4,214,214,209.6,676.08K,-0.75%
07/06/2021,214,217,217.6,214,368.34K,-1.29%
07/05/2021,216.8,213,217,212.8,557.23K,1.78%
07/02/2021,213,214.6,215.4,211.6,447.13K,-0.47%
07/01/2021,214,213.6,217.4,213,624.86K,0.19%
06/30/2021,213.6,213.4,213.6,208.8,943.47K,0.00%
06/29/2021,213.6,215,215,212,503.42K,-0.93%
06/28/2021,215.6,215.6,215.8,212.2,337.66K,-0.19%
06/25/2021,216,211.8,216,209.2,485.60K,1.89%
06/24/2021,212,210.8,212,209.8,585.23K,0.76%
06/23/2021,210.4,208.4,212,208.4,453.39K,1.94%
06/22/2021,206.4,202.2,209,201.6,647.71K,2.08%
06/21/2021,202.2,200,205,197.8,652.82K,0.80%
06/18/2021,200.6,202,206,200,894.59K,-0.69%
06/17/2021,202,206.2,211,200,755.47K,-2.32%
06/16/2021,206.8,217,223.8,206.8,1.96M,-3.81%
06/15/2021,215,207.2,216.6,206.8,2.18M,3.76%
06/14/2021,207.2,203,208.4,201.8,1.04M,1.97%
06/11/2021,203.2,203.6,203.6,202.8,608.66K,-0.20%
06/10/2021,203.6,204,204.4,202,661.06K,-0.68%
06/09/2021,205,198.6,206,198.6,1.92M,3.27%
06/08/2021,198.5,196.1,198.8,196.1,557.67K,1.28%
06/07/2021,196,194.1,196.7,194,542.08K,1.03%
06/04/2021,194,192.5,194.7,192.5,576.48K,0.10%
06/03/2021,193.8,194.2,195.6,190,295.79K,-0.46%
06/02/2021,194.7,188.5,198,188.5,907.45K,3.29%
06/01/2021,188.5,192.9,193.2,188.4,712.28K,-2.28%
05/31/2021,192.9,191,194,188.9,1.57M,0.99%
05/28/2021,191,192.9,192.9,188.2,901.97K,-1.70%
05/27/2021,194.3,182,194.3,182,2.45M,6.76%
05/26/2021,182,180.2,182.4,179.8,853.03K,1.00%
05/25/2021,180.2,180,180.3,178,801.49K,0.28%
05/24/2021,179.7,177.9,180.6,176.4,994.70K,1.18%
05/21/2021,177.6,177.9,178.1,177,562.79K,0.34%
05/20/2021,177,175.4,177.5,174.8,676.58K,1.14%
05/19/2021,175,170,175,170,815.74K,4.60%
05/18/2021,167.3,167.1,169,167,529.01K,0.06%
05/17/2021,167.2,168.1,168.5,166.5,558.69K,-0.48%
05/14/2021,168,170.4,170.4,163.3,920.64K,-1.41%
05/12/2021,170.4,175,175,170,1.16M,-2.63%
05/11/2021,175,175.1,175.6,174.4,296.77K,-0.06%
05/10/2021,175.1,175.7,175.8,175.1,253.60K,-0.34%
05/07/2021,175.7,175,177.3,175,374.30K,-0.17%
05/06/2021,176,177.5,177.5,175.5,440.04K,-0.85%
05/05/2021,177.5,177,178.2,176.1,313.47K,0.28%
05/04/2021,177,179,179.5,176.5,432.07K,-0.84%
05/03/2021,178.5,176,180,175.9,1.50M,1.42%
04/30/2021,176,176.5,177.5,176,340.48K,-0.56%
04/29/2021,177,175.8,177,175.3,632.77K,0.68%
04/28/2021,175.8,174.1,176.4,174.1,357.34K,1.50%
04/27/2021,173.2,175.9,177,173.2,825.70K,-1.53%
04/26/2021,175.9,176,177,175.3,319.27K,-0.06%
04/23/2021,176,177.8,178,175.1,461.68K,-1.01%
04/22/2021,177.8,177.3,177.8,174.6,524.74K,0.28%
04/21/2021,177.3,176.2,179.3,176.2,300.31K,0.68%
04/20/2021,176.1,177,180,176.1,1.23M,0.06%
04/19/2021,176,180,181,175.3,522.70K,-1.95%
04/16/2021,179.5,180,180.1,179.2,180.96K,-0.28%
04/15/2021,180,182,182,179.2,630.72K,-2.12%
04/14/2021,183.9,180,183.9,179.4,353.35K,2.51%
04/13/2021,179.4,178.5,180.3,178.5,208.12K,-0.17%
04/12/2021,179.7,180,182.1,178.1,361.32K,0.39%
04/08/2021,179,184.8,185,179,426.47K,-3.14%
04/07/2021,184.8,185,187.5,183.1,524.07K,-0.11%
04/06/2021,185,181.4,186,180.8,1.06M,1.87%
04/05/2021,181.6,176.9,181.8,175.5,495.75K,2.66%
03/31/2021,176.9,176.9,178.1,176,424.69K,0.00%
03/30/2021,176.9,175.7,177.5,175.6,273.81K,0.68%
03/29/2021,175.7,173.5,177.3,170.7,1.70M,0.46%
03/26/2021,174.9,178,179,174.7,904.70K,-1.85%
03/25/2021,178.2,177.9,181.2,177.9,263.59K,0.73%
03/24/2021,176.9,180,180,172,3.65M,-2.27%
03/23/2021,181,176.1,181,176.1,1.11M,2.90%
03/22/2021,175.9,173,176,170.5,658.19K,-0.06%
03/19/2021,176,185.5,185.5,176,2.33M,-5.17%
03/18/2021,185.6,186,186.4,184.9,563.23K,0.32%
03/17/2021,185,180.2,185,180.2,754.48K,2.04%
03/16/2021,181.3,179,181.3,178,823.77K,0.72%
03/15/2021,180,181.7,181.9,176,1.32M,-1.04%
03/12/2021,181.9,181,183.5,181,475.03K,0.55%
03/11/2021,180.9,184,184,180,623.94K,-1.68%
03/10/2021,184,182.9,186,182,738.38K,0.55%
03/09/2021,183,181.2,183,180,1.13M,0.60%
03/08/2021,181.9,186,186,180.3,473.96K,-2.62%
03/05/2021,186.8,189.5,189.5,183.7,403.87K,-1.63%
03/04/2021,189.9,186,191,184,1.25M,2.10%
03/03/2021,186,185.4,186,184.4,948.10K,0.00%
03/02/2021,186,179.1,186,179.1,1.19M,4.03%
03/01/2021,178.8,179.9,180.2,178.8,590.93K,-0.11%
02/26/2021,179,175,180.2,175,930.45K,3.53%
02/24/2021,172.9,178.1,178.9,172.9,1.05M,-2.87%
02/23/2021,178,178.7,178.8,175,1.30M,-0.56%
02/22/2021,179,180,180.2,179,445.45K,-0.50%
02/19/2021,179.9,179.4,180,179.4,1.17M,0.56%
02/18/2021,178.9,179,182,178.9,802.13K,0.06%
02/17/2021,178.8,180,181,178.1,1.10M,-0.11%
02/16/2021,179,180,180.5,178.8,514.77K,-0.28%
02/15/2021,179.5,180,181.5,179.5,1.10M,0.45%
02/11/2021,178.7,185.6,186.8,178.7,581.65K,-3.67%
02/10/2021,185.5,185,187,184.9,613.75K,0.32%
02/09/2021,184.9,183,185.8,183,1.07M,1.04%
02/08/2021,183,183.7,184,182.5,767.15K,-0.54%
02/05/2021,184,181,184.9,180.9,1.19M,2.22%
02/04/2021,180,180,182,179.7,1.79M,0.00%
02/03/2021,180,180.3,183,179.9,775.81K,0.11%
02/02/2021,179.8,178.9,183.4,178.8,1.33M,0.56%
02/01/2021,178.8,177.7,179,177,604.18K,0.62%
01/29/2021,177.7,179.6,180.5,177.7,1.33M,-1.06%
01/28/2021,179.6,177.5,180.1,175.6,776.42K,1.18%
01/27/2021,177.5,179.5,179.8,175.6,781.78K,-1.39%
01/26/2021,180,185.6,185.6,180,1.29M,-3.07%
01/25/2021,185.7,186.5,186.6,185.4,794.61K,-0.54%
01/22/2021,186.7,186.9,187.6,186,1.02M,-0.11%
01/21/2021,186.9,187.4,188.1,186.5,1.10M,-0.59%
01/20/2021,188,190,190.4,186,1.07M,-1.42%
01/19/2021,190.7,193.9,193.9,190.7,847.48K,-1.70%
01/18/2021,194,194.1,194.1,191,695.29K,-0.05%
01/15/2021,194.1,195.5,196.3,194.1,870.67K,-1.42%
01/14/2021,196.9,197,198,195.5,1.12M,-1.30%
01/13/2021,199.5,199,199.5,195.1,679.01K,0.25%
01/12/2021,199,200,202,198.4,844.34K,-0.05%
01/11/2021,199.1,192.6,201,192.6,1.10M,3.43%
01/08/2021,192.5,192.6,193.5,192.3,720.47K,-0.05%
01/07/2021,192.6,194.3,194.3,192.6,802.59K,-0.93%
01/06/2021,194.4,194.4,194.8,190,565.34K,-0.26%
01/05/2021,194.9,194,194.9,192.5,513.30K,0.26%
01/04/2021,194.4,195.2,195.2,194,625.44K,-0.41%
12/29/2020,195.2,193.4,197,193.3,702.46K,0.98%
12/28/2020,193.3,196,196.3,192.7,597.46K,-2.13%
12/23/2020,197.5,197.5,198.7,194,776.75K,0.25%
12/22/2020,197,201,201.4,193.3,1.02M,-2.38%
12/21/2020,201.8,203.2,204,201.8,577.69K,-1.08%
12/18/2020,204,206.4,206.4,202.4,786.27K,-1.07%
12/17/2020,206.2,208,208.2,206.2,463.65K,0.00%
12/16/2020,206.2,209,209,206.2,1.03M,-0.39%
12/15/2020,207,207.4,209.8,207,1.09M,0.00%
12/14/2020,207,206.8,208,206,603.61K,0.00%
12/11/2020,207,207.8,209.6,205,1.17M,-0.38%
12/10/2020,207.8,210.8,210.8,207.8,676.19K,-1.33%
12/09/2020,210.6,209,211,209,618.32K,0.77%
12/07/2020,209,207,209,205.2,849.27K,1.26%
12/04/2020,206.4,204.8,207.2,202.4,1.12M,0.78%
12/03/2020,204.8,199.8,205,199.3,1.63M,2.91%
12/02/2020,199,197,199,194.3,885.05K,1.02%
12/01/2020,197,187,197,185.7,928.55K,4.23%
11/27/2020,189,189.7,194.3,189,1.72M,0.00%
11/26/2020,189,191,191.1,188.5,693.96K,-1.05%
11/25/2020,191,191,194.6,191,566.79K,0.53%
11/24/2020,190,193,193,190,996.58K,-1.55%
11/23/2020,193,195,195,192.2,813.11K,-1.03%
11/20/2020,195,194,195,192,530.82K,0.62%
11/19/2020,193.8,196.5,196.5,193,501.09K,-1.08%
11/18/2020,195.92,196.22,197.32,195.62,451.57K,-0.30%
11/17/2020,196.5,190.3,196.5,190.3,1.01M,3.31%
11/16/2020,190.2,193.3,195.7,189,1.04M,-1.55%
11/13/2020,193.2,196,196.1,192.8,1.10M,-1.68%
11/11/2020,196.5,200.2,200.2,196,1.32M,-1.85%
11/10/2020,200.2,198.5,201.8,196,2.11M,0.65%
11/09/2020,198.9,197,201.2,195,1.13M,1.07%
11/06/2020,196.8,194.4,197,188.1,1.76M,1.34%
11/05/2020,194.2,185,199,184.8,2.01M,4.97%
11/04/2020,185,175.1,185,175.1,1.65M,6.02%
11/03/2020,174.5,170,175,169,889.40K,2.65%
10/30/2020,170,171.6,171.6,168,1.01M,-1.45%
10/29/2020,172.5,173.5,173.5,171.6,637.43K,-1.15%
10/28/2020,174.5,173.2,176.4,171.6,690.54K,0.75%
10/27/2020,173.2,175.5,175.5,170.6,2.20M,-1.81%
10/26/2020,176.4,179,179,170,1.45M,-1.45%
10/23/2020,179,172,179,171.9,2.35M,4.99%
10/22/2020,170.5,170,177.8,168.5,2.96M,0.29%
10/21/2020,170,170,175,165.1,3.11M,0.59%
10/20/2020,169,154.6,174,154.6,3.94M,9.31%
10/19/2020,154.6,147.1,154.8,147.1,1.88M,5.17%
10/16/2020,147,146,147,145.4,380.91K,-0.14%
10/15/2020,147.2,146.7,147.5,146.6,389.96K,0.34%
10/14/2020,146.7,145.1,146.9,145.1,880.80K,0.82%
10/13/2020,145.5,145.4,147.5,144.3,792.55K,0.07%
10/12/2020,145.4,143.8,145.4,142.9,831.65K,1.11%
10/09/2020,143.8,143,144.5,142.8,746.48K,0.77%
10/08/2020,142.7,138,143.2,138,846.44K,3.63%
10/07/2020,137.7,137.8,137.9,137.2,693.56K,-0.07%
10/06/2020,137.8,141,141.3,137.8,734.57K,-2.34%
10/05/2020,141.1,143,143,141.1,947.68K,-1.33%
10/02/2020,143,143.5,143.8,140.5,516.19K,-0.42%
10/01/2020,143.6,145,145,143,330.26K,-0.97%
09/30/2020,145,144.7,145,143.2,1.42M,0.14%
09/29/2020,144.8,140,144.8,140,1.58M,4.10%
09/28/2020,139.1,138.5,139.4,138.2,465.94K,0.80%
09/25/2020,138,138,138.4,137,505.51K,0.00%
09/24/2020,138,138.3,139,136.6,465.71K,-0.07%
09/23/2020,138.1,133,138.5,133,983.00K,4.23%
09/22/2020,132.5,133.9,133.9,131.6,1.21M,0.45%
09/21/2020,131.9,132,134,131.7,544.14K,1.31%
09/18/2020,130.2,132,133,130.2,2.68M,0.00%
09/17/2020,130.2,134,136,130.2,1.57M,-2.33%
09/16/2020,133.3,134.8,134.9,133.2,1.38M,-1.19%
09/15/2020,134.9,135,135.5,134.5,780.19K,-0.07%
09/14/2020,135,135.5,135.5,134.8,1.72M,-0.44%
